Workbook

Sheet すべてのnameとidリスト
A1: 初出 | B1: id | C1: name | D1: address_w1 | E1: address_w2 | F1: district_w3 | G1: address_w4 | H1: district_w4
A2: w1 | B2: 1 | C2: 岩本松治 | D2: 七ヶ浜町湊浜2-9-1 | E2: =_xlfn.XLOOKUP(C2, idつけ作業用!E$2:E$177, idつけ作業用!H$2:H$177, "") -> 湊浜二丁目９番地の１ | F2: 湊浜 | G2: 七ヶ浜町湊浜二-九-一 | H2: 湊浜
A3: w1 | B3: 2 | C3: 鈴木清弘 | D3: 七ヶ浜町湊浜1-4-4 | E3: =_xlfn.XLOOKUP(C3, idつけ作業用!E$2:E$177, idつけ作業用!H$2:H$177, "") -> 湊浜一丁目４番地の４ | F3: 湊浜 | G3: 七ヶ浜町湊浜一-四-四 | H3: 湊浜
A4: w1 | B4: 3 | C4: 鈴木益幸 | D4: 七ヶ浜町湊浜1-5-3 | E4: =_xlfn.XLOOKUP(C4, idつけ作業用!E$2:E$177, idつけ作業用!H$2:H$177, "") -> 湊浜一丁目５番地の３ | F4: 湊浜 | G4: 七ヶ浜町湊浜一-五-三 | H4: 湊浜
A5: w1 | B5: 4 | C5: 星嘉悦 | D5: 七ヶ浜町湊浜1-3-10 | E5: =_xlfn.XLOOKUP(C5, idつけ作業用!E$2:E$177, idつけ作業用!H$2:H$177, "") -> 湊浜一丁目３番地の１０
A6: w1 | B6: 5 | C6: 星新藏 | D6: 七ヶ浜町湊浜字熊野10-1 | E6: =_xlfn.XLOOKUP(C6, idつけ作業用!E$2:E$177, idつけ作業用!H$2:H$177, "") -> 湊浜字熊野１０番地の１ | F6: 湊浜 | G6: 七ヶ浜町湊浜字熊野十-一 | H6: 湊浜
A7: w1 | B7: 6 | C7: 渡辺ふじ江 | D7: 七ヶ浜町湊浜字砂山22 | E7: =_xlfn.XLOOKUP(C7, idつけ作業用!E$2:E$177, idつけ作業用!H$2:H$177, "") -> 湊浜字砂山２２番地 | F7: 湊浜 | G7: 七ヶ浜町湊浜字砂山二二 | H7: 湊浜
A8: w1 | B8: 7 | C8: 和泉とも子 | D8: 七ヶ浜町松ヶ浜字神明前13 | E8: =_xlfn.XLOOKUP(C8, idつけ作業用!E$2:E$177, idつけ作業用!H$2:H$177, "") -> 松ヶ浜字神明前１３番地 | F8: 松ヶ浜 | G8: 七ヶ浜町松ヶ浜字神明前一三 | H8: 松ヶ浜
A9: w1 | B9: 8 | C9: 梅津榮一 | D9: 七ヶ浜町松ヶ浜字浜屋敷33-1 | E9: =_xlfn.XLOOKUP(C9, idつけ作業用!E$2:E$177, idつけ作業用!H$2:H$177, "") -> 松ヶ浜字浜屋敷３３番地の１ | F9: 松ヶ浜 | G9: 七ヶ浜町松ヶ浜字浜屋敷三三-一 | H9: 松ヶ浜
A10: w1 | B10: 9 | C10: 加藤勝美 | D10: 七ヶ浜町松ヶ浜字浜屋敷45-1 | E10: =_xlfn.XLOOKUP(C10, idつけ作業用!E$2:E$177, idつけ作業用!H$2:H$177, "") -> 松ヶ浜字浜屋敷４５番地の１ | F10: 松ヶ浜 | G10: 七ヶ浜町松ヶ浜字浜屋敷四五-一 | H10: 松ヶ浜
A11: w1 | B11: 10 | C11: 加藤純一 | D11: 七ヶ浜町松ヶ浜字神明前6-1 | E11: =_xlfn.XLOOKUP(C11, idつけ作業用!E$2:E$177, idつけ作業用!H$2:H$177, "") -> 七ヶ浜町吉田浜字野山１番地の２七ヶ浜第１スポーツ広場応急仮設住宅 | F11: 松ヶ浜 | G11: 七ヶ浜町松ヶ浜字神明前六-一 | H11: 松ヶ浜
A12: w1 | B12: 11 | C12: 加藤信勝 | D12: 七ヶ浜町松ヶ浜字長根6-1 | E12: =_xlfn.XLOOKUP(C12, idつけ作業用!E$2:E$177, idつけ作業用!H$2:H$177, "") -> 松ヶ浜字長根６－１ | F12: 松ヶ浜 | G12: 七ヶ浜町松ヶ浜字長根六-一 | H12: 松ヶ浜
A13: w1 | B13: 12 | C13: 加藤壽治 | D13: 七ヶ浜町松ヶ浜字謡36-12 | E13: =_xlfn.XLOOKUP(C13, idつけ作業用!E$2:E$177, idつけ作業用!H$2:H$177, "") -> 松ヶ浜字謡３６番地の１２ | F13: 松ヶ浜 | G13: 七ヶ浜町松ヶ浜字謡三六-一二 | H13: 松ヶ浜
A14: w1 | B14: 13 | C14: 紀野國正勝 | D14: 七ヶ浜町松ヶ浜字坂口３4-1 | E14: =_xlfn.XLOOKUP(C14, idつけ作業用!E$2:E$177, idつけ作業用!H$2:H$177, "") -> 松ヶ浜字坂口３４番地の１ | F14: 松ヶ浜 | G14: 七ヶ浜町松ヶ浜字坂口三四-一 | H14: 松ヶ浜
A15: w1 | B15: 14 | C15: 後藤忠男 | D15: 七ヶ浜町松ヶ浜字浜屋敷８５ | E15: =_xlfn.XLOOKUP(C15, idつけ作業用!E$2:E$177, idつけ作業用!H$2:H$177, "") -> 松ヶ浜字浜屋敷８５番地 | G15: 七ヶ浜町松ヶ浜字浜屋敷八五 | H15: 松ヶ浜
A16: w1 | B16: 15 | C16: 櫻井富士男 | D16: 七ヶ浜町松ヶ浜字謡33-7 | E16: =_xlfn.XLOOKUP(C16, idつけ作業用!E$2:E$177, idつけ作業用!H$2:H$177, "") -> 松ヶ浜字謡３３番地の７ | F16: 松ヶ浜 | G16: 七ヶ浜町松ヶ浜字謡三三-七 | H16: 松ヶ浜
A17: w1 | B17: 16 | C17: 佐藤新太郎 | D17: 七ヶ浜町松ヶ浜字浜屋敷８２ | E17: =_xlfn.XLOOKUP(C17, idつけ作業用!E$2:E$177, idつけ作業用!H$2:H$177, "") | F17: 松ヶ浜 | G17: 七ヶ浜町松ヶ浜字浜屋敷八二 | H17: 松ヶ浜
A18: w1 | B18: 17 | C18: 鈴木吉雄 | D18: 七ヶ浜町松ヶ浜字神明裏48-2 | E18: =_xlfn.XLOOKUP(C18, idつけ作業用!E$2:E$177, idつけ作業用!H$2:H$177, "") -> 松ヶ浜字神明裏４８番地の２ | F18: 松ヶ浜 | G18: 七ヶ浜町松ヶ浜字神明裏四八-二 | H18: 松ヶ浜
A19: w1 | B19: 18 | C19: 鈴木幸一 | D19: 七ヶ浜町松ヶ浜字神明前2-3 | E19: =_xlfn.XLOOKUP(C19, idつけ作業用!E$2:E$177, idつけ作業用!H$2:H$177, "") -> 松ヶ浜字神明前２番地の３ | F19: 松ヶ浜 | G19: 七ヶ浜町松ヶ浜字神明前二-三 | H19: 松ヶ浜
A20: w1 | B20: 19 | C20: 鈴木七雄 | D20: 七ヶ浜町松ヶ浜字西沢田80 | E20: =_xlfn.XLOOKUP(C20, idつけ作業用!E$2:E$177, idつけ作業用!H$2:H$177, "") -> 松ヶ浜字西沢田８０番地 | F20: 松ヶ浜 | G20: 七ヶ浜町松ヶ浜字西沢田ハ〇 | H20: 松ヶ浜
A21: w1 | B21: 20 | C21: 鈴木庄衛 | D21: 七ヶ浜町松ヶ浜字西原6-1 | E21: =_xlfn.XLOOKUP(C21, idつけ作業用!E$2:E$177, idつけ作業用!H$2:H$177, "") -> 松ヶ浜字西原６番地の１ | F21: 松ヶ浜 | G21: 七ヶ浜町松ヶ浜字西原六-一 | H21: 松ヶ浜
A22: w1 | B22: 21 | C22: 鈴木しん | D22: 七ヶ浜町松ヶ浜字西沢田96-1 | E22: =_xlfn.XLOOKUP(C22, idつけ作業用!E$2:E$177, idつけ作業用!H$2:H$177, "") -> 松ヶ浜字西沢田９６番地の１
A23: w1 | B23: 22 | C23: 鈴木信也 | D23: 七ヶ浜町松ヶ浜字浜屋敷6 | E23: =_xlfn.XLOOKUP(C23, idつけ作業用!E$2:E$177, idつけ作業用!H$2:H$177, "") -> 松ヶ浜字浜屋敷６番地 | F23: 松ヶ浜 | G23: 七ヶ浜町松ヶ浜字浜屋敷六 | H23: 松ヶ浜
A24: w1 | B24: 23 | C24: 鈴木つい子 | D24: 七ヶ浜町松ヶ浜字神明裏47-1 | E24: =_xlfn.XLOOKUP(C24, idつけ作業用!E$2:E$177, idつけ作業用!H$2:H$177, "") -> 松ヶ浜字神明裏４７番地の１ | F24: 松ヶ浜 | G24: 七ヶ浜町松ヶ浜字神明裏四七-一 | H24: 松ヶ浜
A25: w1 | B25: 24 | C25: 鈴木藤助 | D25: 七ヶ浜町松ヶ浜字西原47-2 | E25: =_xlfn.XLOOKUP(C25, idつけ作業用!E$2:E$177, idつけ作業用!H$2:H$177, "") | F25: 松ヶ浜 | G25: 七ヶ浜町松ヶ浜字西原四七-二 | H25: 松ヶ浜
A26: w1 | B26: 25 | C26: 鈴木久 | D26: 七ヶ浜町松ヶ浜字長根1-3 | E26: =_xlfn.XLOOKUP(C26, idつけ作業用!E$2:E$177, idつけ作業用!H$2:H$177, "") -> 松ヶ浜字長根１番地の３ | F26: 松ヶ浜 | G26: 七ヶ浜町松ヶ浜字長根一-三 | H26: 松ヶ浜
A27: w1 | B27: 26 | C27: 鈴木平規 | D27: 七ヶ浜町松ヶ浜字浜屋敷104 | E27: =_xlfn.XLOOKUP(C27, idつけ作業用!E$2:E$177, idつけ作業用!H$2:H$177, "") -> 湊浜字砂山２６－１ | G27: 七ヶ浜町松ヶ浜字浜屋敷一〇四 | H27: 松ヶ浜
A28: w1 | B28: 27 | C28: 鈴木正人 | D28: 七ヶ浜町松ヶ浜字神明裏3-1 | E28: =_xlfn.XLOOKUP(C28, idつけ作業用!E$2:E$177, idつけ作業用!H$2:H$177, "") -> 松ヶ浜字神明裏３番地の１
A29: w1 | B29: 28 | C29: 鈴木豊 | D29: 七ヶ浜町松ヶ浜字謡22-5 | E29: =_xlfn.XLOOKUP(C29, idつけ作業用!E$2:E$177, idつけ作業用!H$2:H$177, "") -> 松ヶ浜字謡２２番地の５
A30: w1 | B30: 29 | C30: 太宰勉 | D30: 七ヶ浜町松ヶ浜字笹山86 | E30: =_xlfn.XLOOKUP(C30, idつけ作業用!E$2:E$177, idつけ作業用!H$2:H$177, "") | G30: 七ヶ浜町松ヶ浜字笹山ハ六 | H30: 松ヶ浜
A31: w1 | B31: 30 | C31: 太宰良子 | D31: 七ヶ浜町松ヶ浜字西原66 | E31: =_xlfn.XLOOKUP(C31, idつけ作業用!E$2:E$177, idつけ作業用!H$2:H$177, "") -> 松ヶ浜字西原６６番地 | F31: 松ヶ浜 | G31: 七ヶ浜町松ヶ浜字西原六六 | H31: 松ヶ浜
A32: w1 | B32: 31 | C32: 星昭男 | D32: 七ヶ浜町松ヶ浜字浜屋敷40 | E32: =_xlfn.XLOOKUP(C32, idつけ作業用!E$2:E$177, idつけ作業用!H$2:H$177, "")
A33: w1 | B33: 32 | C33: 星榮一 | D33: 七ヶ浜町松ヶ浜字神明裏38 | E33: =_xlfn.XLOOKUP(C33, idつけ作業用!E$2:E$177, idつけ作業用!H$2:H$177, "") -> 松ヶ浜字神明裏３８番地 | F33: 松ヶ浜 | G33: 七ヶ浜町松ヶ浜字神明裏三八 | H33: 松ヶ浜
A34: w1 | B34: 33 | C34: 星清勝 | D34: 七ヶ浜町松ヶ浜字神明裏29 | E34: =_xlfn.XLOOKUP(C34, idつけ作業用!E$2:E$177, idつけ作業用!H$2:H$177, "") | F34: 松ヶ浜 | G34: 七ヶ浜町松ヶ浜字笹山二－一 | H34: 松ヶ浜
A35: w1 | B35: 34 | C35: 星成 | D35: 七ヶ浜町松ヶ浜字浜屋敷78-1 | E35: =_xlfn.XLOOKUP(C35, idつけ作業用!E$2:E$177, idつけ作業用!H$2:H$177, "") -> 松ヶ浜字浜屋敷７８番地の１ | G35: 七ヶ浜町松ヶ浜字浜屋敷七八-一 | H35: 松ヶ浜
A36: w1 | B36: 35 | C36: 星辰男 | D36: 七ヶ浜町松ヶ浜字浜屋敷23 | E36: =_xlfn.XLOOKUP(C36, idつけ作業用!E$2:E$177, idつけ作業用!H$2:H$177, "") -> 松ヶ浜字浜屋敷２３番地 | F36: 松ヶ浜 | G36: 七ヶ浜町松ヶ浜字浜屋敷二三 | H36: 松ヶ浜
A37: w1 | B37: 36 | C37: 星博 | D37: 七ヶ浜町松ヶ浜字浜屋敷25 | E37: =_xlfn.XLOOKUP(C37, idつけ作業用!E$2:E$177, idつけ作業用!H$2:H$177, "") -> 松ヶ浜字浜屋敷２５番地 | F37: 松ヶ浜 | G37: 七ヶ浜町松ヶ浜字浜屋敷二五 | H37: 松ヶ浜
A38: w1 | B38: 37 | C38: 星兵喜 | D38: 七ヶ浜町松ヶ浜字浜屋敷9 | E38: =_xlfn.XLOOKUP(C38, idつけ作業用!E$2:E$177, idつけ作業用!H$2:H$177, "") -> 松ヶ浜字浜屋敷９番地 | F38: 松ヶ浜 | G38: 七ヶ浜町松ヶ浜字浜屋敷九 | H38: 松ヶ浜
A39: w1 | B39: 38 | C39: 星又一 | D39: 七ヶ浜町松ヶ浜字丸山26-1 | E39: =_xlfn.XLOOKUP(C39, idつけ作業用!E$2:E$177, idつけ作業用!H$2:H$177, "") -> 松ヶ浜字丸山２６番地の１ | F39: 松ヶ浜 | G39: 七ヶ浜町松ヶ浜字丸山二六-一 | H39: 松ヶ浜
A40: w1 | B40: 39 | C40: 星三千男 | D40: 七ヶ浜町松ヶ浜字浜屋敷22 | E40: =_xlfn.XLOOKUP(C40, idつけ作業用!E$2:E$177, idつけ作業用!H$2:H$177, "") -> 松ヶ浜字浜屋敷２２番地 | F40: 松ヶ浜 | G40: 七ヶ浜町松ヶ浜字浜屋敷二二 | H40: 松ヶ浜
A41: w1 | B41: 40 | C41: 松野兵次郎 | D41: 七ヶ浜町湊浜字熊野48-1 | E41: =_xlfn.XLOOKUP(C41, idつけ作業用!E$2:E$177, idつけ作業用!H$2:H$177, "") -> 湊浜字熊野４８－１ | F41: 松ヶ浜 | G41: 七ヶ浜町湊浜字熊野四八-一 | H41: 松ヶ浜
A42: w1 | B42: 41 | C42: 三浦和子 | D42: 七ヶ浜町松ヶ浜字神明裏50 | E42: =_xlfn.XLOOKUP(C42, idつけ作業用!E$2:E$177, idつけ作業用!H$2:H$177, "") -> 松ヶ浜字神明裏３０
A43: w1 | B43: 42 | C43: 三浦かつの | D43: 七ヶ浜町松ヶ浜字折越14-2 | E43: =_xlfn.XLOOKUP(C43, idつけ作業用!E$2:E$177, idつけ作業用!H$2:H$177, "") | F43: 松ヶ浜 | G43: 七ヶ浜町松ヶ浜字折越一七-一 | H43: 松ヶ浜
A44: w1 | B44: 43 | C44: 三浦静江 | D44: 七ヶ浜町松ヶ浜字神明裏19-3 | E44: =_xlfn.XLOOKUP(C44, idつけ作業用!E$2:E$177, idつけ作業用!H$2:H$177, "")
A45: w1 | B45: 44 | C45: 三浦たつよ | D45: 七ヶ浜町松ヶ浜字浜屋敷103 | E45: =_xlfn.XLOOKUP(C45, idつけ作業用!E$2:E$177, idつけ作業用!H$2:H$177, "") -> 七ヶ浜町松ヶ浜字謡３１番地の１謡児童遊園応急仮設住宅全壊 | F45: 松ヶ浜 | G45: 松ヶ浜字謡三一番一謡児童遊園一-三号 | H45: 松ヶ浜
A46: w1 | B46: 45 | C46: 三浦康市 | D46: 七ヶ浜町松ヶ浜字神明裏24-2 | E46: =_xlfn.XLOOKUP(C46, idつけ作業用!E$2:E$177, idつけ作業用!H$2:H$177, "") -> 松ヶ浜字神明裏２４番地の２ | F46: 松ヶ浜 | G46: 七ヶ浜町松ヶ浜字神明裏二四-二 | H46: 松ヶ浜
A47: w1 | B47: 46 | C47: 吉田茂 | D47: 七ヶ浜町松ヶ浜字浜屋敷64 | E47: =_xlfn.XLOOKUP(C47, idつけ作業用!E$2:E$177, idつけ作業用!H$2:H$177, "") -> 松ヶ浜字浜屋敷６４ | F47: 松ヶ浜 | G47: 七ヶ浜町松ヶ浜字浜屋敷六四 | H47: 松ヶ浜
A48: w1 | B48: 47 | C48: 吉田時男 | D48: 七ヶ浜町松ヶ浜字笹山13 | E48: =_xlfn.XLOOKUP(C48, idつけ作業用!E$2:E$177, idつけ作業用!H$2:H$177, "") -> 松ヶ浜字笹山１３番地
A49: w1 | B49: 48 | C49: 渡辺幸一 | D49: 七ヶ浜町松ヶ浜字折越7 | E49: =_xlfn.XLOOKUP(C49, idつけ作業用!E$2:E$177, idつけ作業用!H$2:H$177, "") -> 松ヶ浜字折越７番地 | F49: 松ヶ浜 | G49: 七ヶ浜町松ヶ浜字折越七 | H49: 松ヶ浜
A50: w1 | B50: 49 | C50: 松野明 | D50: 七ヶ浜町 | E50: =_xlfn.XLOOKUP(C50, idつけ作業用!E$2:E$177, idつけ作業用!H$2:H$177, "") -> 仙台市宮城野区中野字田中９フルハウス１０２ | F50: 松ヶ浜 | G50: 仙台市宮城野区中野字田中九-一○二 | H50: 松ヶ浜
A51: w1 | B51: 50 | C51: 阿部幸八 | D51: 七ヶ浜町菖蒲田浜字宅地94 | E51: =_xlfn.XLOOKUP(C51, idつけ作業用!E$2:E$177, idつけ作業用!H$2:H$177, "") -> 菖蒲田浜字宅地９４番地 | F51: 菖蒲田浜 | G51: 七ヶ浜町菖蒲田浜字宅地九四 | H51: 菖蒲田浜
A52: w1 | B52: 51 | C52: 阿部三義 | D52: 七ヶ浜町菖蒲田浜字宅地83 | E52: =_xlfn.XLOOKUP(C52, idつけ作業用!E$2:E$177, idつけ作業用!H$2:H$177, "") -> 菖蒲田浜字宅地８３番地 | F52: 菖蒲田浜 | G52: 七ヶ浜町菖蒲田浜字宅地八三 | H52: 菖蒲田浜
A53: w1 | B53: 52 | C53: 和泉正榮 | D53: 七ヶ浜町菖蒲田浜字宅地40 | E53: =_xlfn.XLOOKUP(C53, idつけ作業用!E$2:E$177, idつけ作業用!H$2:H$177, "") -> 七ヶ浜町湊浜二丁目１０番地の１湊浜二丁目応急仮設住宅 | F53: 菖蒲田浜 | G53: 七ヶ浜町湊浜二--一一号棟二号室 | H53: 菖蒲田浜
A54: w1 | B54: 53 | C54: 伊丹克己 | D54: 七ヶ浜町菖蒲田浜字宅地44-1 | E54: =_xlfn.XLOOKUP(C54, idつけ作業用!E$2:E$177, idつけ作業用!H$2:H$177, "") -> 仙台市青葉区東照宮１丁目８－１東照の丘８０３号室
A55: w1 | B55: 54 | C55: 伊丹勝義 | D55: 七ヶ浜町菖蒲田浜字牛ノ鼻木34 | E55: =_xlfn.XLOOKUP(C55, idつけ作業用!E$2:E$177, idつけ作業用!H$2:H$177, "") -> 茨城県日立市神峰町４丁目６番１４号
A56: w1 | B56: 55 | C56: 斉藤勝良 | D56: 七ヶ浜町菖蒲田浜字西峠下6-1 | E56: =_xlfn.XLOOKUP(C56, idつけ作業用!E$2:E$177, idつけ作業用!H$2:H$177, "") -> 七ヶ浜町花渕浜字笹山１５番地の４１国際村第２駐車場応急仮設住宅
A57: w1 | B57: 56 | C57: 齋藤清市 | D57: 七ヶ浜町菖蒲田浜字宅地72 | E57: =_xlfn.XLOOKUP(C57, idつけ作業用!E$2:E$177, idつけ作業用!H$2:H$177, "") -> 七ヶ浜町吉田浜字野山５番地の９野外活動センター応急仮設住宅 | F57: 菖蒲田浜 | G57: 七ヶ浜町吉田浜字野山五－九仮設八－八 | H57: 菖蒲田浜
A58: w1 | B58: 57 | C58: 齋藤久 | D58: 七ヶ浜町菖蒲田浜字東峠下39-1 | E58: =_xlfn.XLOOKUP(C58, idつけ作業用!E$2:E$177, idつけ作業用!H$2:H$177, "") -> 菖蒲田浜字東峠下３９－１ | F58: 利府町 | G58: 利府町神谷沢字金沢一二-二五九 | H58: 神谷沢
A59: w1 | B59: 58 | C59: 齋藤八重子 | D59: 七ヶ浜町菖蒲田浜字招又35 | E59: =_xlfn.XLOOKUP(C59, idつけ作業用!E$2:E$177, idつけ作業用!H$2:H$177, "")
A60: w1 | B60: 59 | C60: 宍戸洋子 | D60: 七ヶ浜町菖蒲田浜字宅地39-3 | E60: =_xlfn.XLOOKUP(C60, idつけ作業用!E$2:E$177, idつけ作業用!H$2:H$177, "")
A61: w1 | B61: 60 | C61: 鈴木勝夫 | D61: 七ヶ浜町菖蒲田浜字宅地59-1 | E61: =_xlfn.XLOOKUP(C61, idつけ作業用!E$2:E$177, idつけ作業用!H$2:H$177, "") -> 塩竃市玉川３丁目１０－３６飯田様方 | F61: 菖蒲田浜 | G61: 七ヶ浜町菖蒲田浜字宅地五九-一 | H61: 菖蒲田浜
A62: w1 | B62: 61 | C62: 鈴木喜三郎 | D62: 七ヶ浜町菖蒲田浜字宅地66-1 | E62: =_xlfn.XLOOKUP(C62, idつけ作業用!E$2:E$177, idつけ作業用!H$2:H$177, "") | F62: 菖蒲田浜 | G62: 七ヶ浜町菖蒲田浜字宅地六六-一 | H62: 菖蒲田浜
A63: w1 | B63: 62 | C63: 鈴木正吉 | D63: 七ヶ浜町菖蒲田浜字宅地74 | E63: =_xlfn.XLOOKUP(C63, idつけ作業用!E$2:E$177, idつけ作業用!H$2:H$177, "") -> 七ヶ浜町吉田浜字野山１番地の２七ヶ浜第１スポーツ広場応急仮設住宅 | F63: 菖蒲田浜 | G63: 七ヶ浜町菖蒲田浜字宅地七四 | H63: 菖蒲田浜
A64: w1 | B64: 63 | C64: 丹野定二 | D64: 七ヶ浜町菖蒲田浜字浜伊場2 | E64: =_xlfn.XLOOKUP(C64, idつけ作業用!E$2:E$177, idつけ作業用!H$2:H$177, "") | G64: 塩釜市千賀の台二丁目一一－二 | H64: 菖蒲田浜
A65: w1 | B65: 64 | C65: 丹野正道 | D65: 七ヶ浜町菖蒲田浜字宅地27 | E65: =_xlfn.XLOOKUP(C65, idつけ作業用!E$2:E$177, idつけ作業用!H$2:H$177, "") -> 仙台市宮城野区田子１－１０－４５ＮＴＴ社宅２１５号 | F65: 菖蒲田浜 | G65: 仙台市宮城野区田子一-一○-四五ＮＴＴ社宅二一五 | H65: 菖蒲田浜
A66: w1 | B66: 65 | C66: 千葉正幸 | D66: 七ヶ浜町菖蒲田浜字東峠下22 | E66: =_xlfn.XLOOKUP(C66, idつけ作業用!E$2:E$177, idつけ作業用!H$2:H$177, "") | F66: 菖蒲田浜 | G66: 七ヶ浜町菖蒲田浜字東峠下二二 | H66: 菖蒲田浜
A67: w1 | B67: 66 | C67: 星あい | D67: 七ヶ浜町菖蒲田浜字向山46-2 | E67: =_xlfn.XLOOKUP(C67, idつけ作業用!E$2:E$177, idつけ作業用!H$2:H$177, "") -> 汐見台５丁目２－６８ | F67: 菖蒲田浜 | G67: 七ヶ浜町菖蒲田浜字向山四六-二 | H67: 菖蒲田浜
A68: w1 | B68: 67 | C68: 星幸吉 | D68: 七ヶ浜町菖蒲田浜字宅地85 | E68: =_xlfn.XLOOKUP(C68, idつけ作業用!E$2:E$177, idつけ作業用!H$2:H$177, "") -> 菖蒲田浜字宅地８５番地 | F68: 菖蒲田浜 | G68: 七ヶ浜町菖蒲田浜字宅地八五 | H68: 菖蒲田浜
A69: w1 | B69: 68 | C69: 星新平 | D69: 七ヶ浜町菖蒲田浜字宅地100 | E69: =_xlfn.XLOOKUP(C69, idつけ作業用!E$2:E$177, idつけ作業用!H$2:H$177, "") | G69: 七ヶ浜町花渕浜字須賀二三-一 | H69: 菖蒲田浜
A70: w1 | B70: 69 | C70: 星孝 | D70: 七ヶ浜町菖蒲田浜字宅地25 | E70: =_xlfn.XLOOKUP(C70, idつけ作業用!E$2:E$177, idつけ作業用!H$2:H$177, "") | G70: 七ヶ浜町菖蒲田浜字宅地二五 | H70: 菖蒲田浜
A71: w1 | B71: 70 | C71: 星正 | D71: 七ヶ浜町菖蒲田浜字宅地26 | E71: =_xlfn.XLOOKUP(C71, idつけ作業用!E$2:E$177, idつけ作業用!H$2:H$177, "")
A72: w1 | B72: 71 | C72: 星章夫 | D72: 七ヶ浜町花渕浜字長須賀45-1 | E72: =_xlfn.XLOOKUP(C72, idつけ作業用!E$2:E$177, idつけ作業用!H$2:H$177, "") -> 花渕浜字長須賀４５－１ | F72: 菖蒲田浜 | G72: 塩釜市袖野田町一二－三サンフラワー二一○二号室 | H72: 菖蒲田浜
A73: w1 | B73: 72 | C73: 星光浩 | D73: 七ヶ浜町菖蒲田浜字宅地63 | E73: =_xlfn.XLOOKUP(C73, idつけ作業用!E$2:E$177, idつけ作業用!H$2:H$177, "") | F73: 菖蒲田浜 | G73: 七ヶ浜町菖蒲田浜字長砂十九－五 | H73: 菖蒲田浜
A74: w1 | B74: 73 | C74: 星光良 | D74: 七ヶ浜町菖蒲田浜字向山60-１ | E74: =_xlfn.XLOOKUP(C74, idつけ作業用!E$2:E$177, idつけ作業用!H$2:H$177, "") -> 菖蒲田浜字向山６０番地の１ | F74: 菖蒲田浜 | G74: 七ヶ浜町菖蒲田浜字向山六〇-一 | H74: 菖蒲田浜
A75: w1 | B75: 74 | C75: 最上明 | D75: 七ヶ浜町菖蒲田浜字宅地64 | E75: =_xlfn.XLOOKUP(C75, idつけ作業用!E$2:E$177, idつけ作業用!H$2:H$177, "") -> 七ヶ浜町吉田浜字野山５番地の９野外活動センター応急仮設住宅 | F75: 菖蒲田浜 | G75: 七ヶ浜町菖蒲田浜字宅地六四 | H75: 菖蒲田浜 | N75: w4
A76: w1 | B76: 75 | C76: 最上實 | D76: 七ヶ浜町松ヶ浜字神明裏66-1 | E76: =_xlfn.XLOOKUP(C76, idつけ作業用!E$2:E$177, idつけ作業用!H$2:H$177, "") -> 松ヶ浜字神明裏６６番地の１ | G76: 七ヶ浜町松ヶ浜字神明裏六六-一 | H76: 菖蒲田浜
A77: w1 | B77: 76 | C77: 渡辺章 | D77: 七ヶ浜町菖蒲田浜字宅地60 | E77: =_xlfn.XLOOKUP(C77, idつけ作業用!E$2:E$177, idつけ作業用!H$2:H$177, "") | G77: 仙台市宮城野区福室五丁目三ー二四レオパレストータス二○五号 | H77: 菖蒲田浜
A78: w1 | B78: 77 | C78: 渡辺卯之松 | D78: 七ヶ浜町菖蒲田浜字韮ヶ森140-32 | E78: =_xlfn.XLOOKUP(C78, idつけ作業用!E$2:E$177, idつけ作業用!H$2:H$177, "") -> 菖蒲田浜字韮ヶ森１４０番地の３２ | F78: 菖蒲田浜 | G78: 七ヶ浜町菖蒲田浜字韮ヶ森一四〇-三二 | H78: 菖蒲田浜
A79: w1 | B79: 78 | C79: 渡辺栄一 | D79: 七ヶ浜町菖蒲田浜字向山36 | E79: =_xlfn.XLOOKUP(C79, idつけ作業用!E$2:E$177, idつけ作業用!H$2:H$177, "") -> 菖蒲田浜字向山３６番地 | F79: 菖蒲田浜 | G79: 七ヶ浜町菖蒲田浜字向山三六 | H79: 菖蒲田浜
A80: w1 | B80: 79 | C80: 渡辺一好 | D80: 七ヶ浜町菖蒲田浜字久保170 | E80: =_xlfn.XLOOKUP(C80, idつけ作業用!E$2:E$177, idつけ作業用!H$2:H$177, "") -> 菖蒲田浜字久保１７０番地 | F80: 菖蒲田浜 | G80: 七ヶ浜町菖蒲田浜字久保一七〇 | H80: 菖蒲田浜
A81: w1 | B81: 80 | C81: 渡邉勝喜 | D81: 七ヶ浜町花渕浜字長須賀17-1 | E81: =_xlfn.XLOOKUP(C81, idつけ作業用!E$2:E$177, idつけ作業用!H$2:H$177, "")
A82: w1 | B82: 81 | C82: 渡辺勝巳 | D82: 七ヶ浜町菖蒲田浜字後田147-1 | E82: =_xlfn.XLOOKUP(C82, idつけ作業用!E$2:E$177, idつけ作業用!H$2:H$177, "") | G82: 七ヶ浜町菖蒲田浜字後田一四七-一 | H82: 菖蒲田浜
A83: w1 | B83: 82 | C83: 渡辺喜一 | D83: 七ヶ浜町菖蒲田浜字向山60-3 | E83: =_xlfn.XLOOKUP(C83, idつけ作業用!E$2:E$177, idつけ作業用!H$2:H$177, "") -> 菖蒲田浜字向山６０番地の３ | F83: 菖蒲田浜 | G83: 七ヶ浜町菖蒲田浜字向山六〇-三 | H83: 菖蒲田浜
A84: w1 | B84: 83 | C84: 渡辺絹子 | D84: 七ヶ浜町菖蒲田浜字宅地53 | E84: =_xlfn.XLOOKUP(C84, idつけ作業用!E$2:E$177, idつけ作業用!H$2:H$177, "") | G84: 七ヶ浜町菖蒲田浜字宅地五三 | H84: 菖蒲田浜
A85: w1 | B85: 84 | C85: 渡辺きわ子 | D85: 七ヶ浜町菖蒲田浜字橋元20-1 | E85: =_xlfn.XLOOKUP(C85, idつけ作業用!E$2:E$177, idつけ作業用!H$2:H$177, "") | G85: 七ヶ浜町菖蒲田浜字橋元二○-一 | H85: 菖蒲田浜
A86: w1 | B86: 85 | C86: 渡辺けさ | D86: 七ヶ浜町菖蒲田浜字宅地53 | E86: =_xlfn.XLOOKUP(C86, idつけ作業用!E$2:E$177, idつけ作業用!H$2:H$177, "") | G86: 七ヶ浜町菖蒲田浜字宅地五三 | H86: 菖蒲田浜
A87: w1 | B87: 86 | C87: 渡辺源左ェ門 | D87: 七ヶ浜町菖蒲田浜字向山35-4 | E87: =_xlfn.XLOOKUP(C87, idつけ作業用!E$2:E$177, idつけ作業用!H$2:H$177, "") | F87: 菖蒲田浜 | G87: 七ヶ浜町菖蒲田浜字向山三五-四 | H87: 菖蒲田浜
A88: w1 | B88: 87 | C88: 渡辺憲次郎 | D88: 七ヶ浜町菖蒲田浜字宅地101 | E88: =_xlfn.XLOOKUP(C88, idつけ作業用!E$2:E$177, idつけ作業用!H$2:H$177, "") | G88: 七ヶ浜町菖蒲田浜字宅地一〇一 | H88: 菖蒲田浜
A89: w1 | B89: 88 | C89: 渡辺繁雄 | D89: 七ヶ浜町菖蒲田浜字浜伊場62 | E89: =_xlfn.XLOOKUP(C89, idつけ作業用!E$2:E$177, idつけ作業用!H$2:H$177, "") -> 菖蒲田浜字一本松２番地 | F89: 菖蒲田浜 | G89: 七ヶ浜町菖蒲田浜字浜伊場六二 | H89: 菖蒲田浜
A90: w1 | B90: 89 | C90: 渡辺庄松 | D90: 七ヶ浜町菖蒲田浜字長砂19-17 | E90: =_xlfn.XLOOKUP(C90, idつけ作業用!E$2:E$177, idつけ作業用!H$2:H$177, "") | G90: 七ヶ浜町菖蒲田浜字長砂一九-一七 | H90: 菖蒲田浜
A91: w1 | B91: 90 | C91: 渡辺庄哉 | D91: 七ヶ浜町菖蒲田浜字宅地62 | E91: =_xlfn.XLOOKUP(C91, idつけ作業用!E$2:E$177, idつけ作業用!H$2:H$177, "") -> 七ヶ浜町湊浜二丁目１０番地の１湊浜二丁目応急仮設住宅 | F91: 菖蒲田浜 | G91: 七ヶ浜町菖蒲田浜字宅地六二 | H91: 菖蒲田浜
A92: w1 | B92: 91 | C92: 渡辺太郎 | D92: 七ヶ浜町菖蒲田浜字宅地46 | E92: =_xlfn.XLOOKUP(C92, idつけ作業用!E$2:E$177, idつけ作業用!H$2:H$177, "") | G92: 七ヶ浜町菖蒲田浜字宅地四六 | H92: 菖蒲田浜
A93: w1 | B93: 92 | C93: 渡辺司 | D93: 七ヶ浜町菖蒲田浜字向山33 | E93: =_xlfn.XLOOKUP(C93, idつけ作業用!E$2:E$177, idつけ作業用!H$2:H$177, "")
A94: w1 | B94: 93 | C94: 渡辺傳明 | D94: 七ヶ浜町菖蒲田浜字宅地97 | E94: =_xlfn.XLOOKUP(C94, idつけ作業用!E$2:E$177, idつけ作業用!H$2:H$177, "") -> 菖蒲田浜字宅地９７ | F94: 菖蒲田浜 | G94: 七ヶ浜町吉田浜字野山一-二二○号棟三号室 | H94: 菖蒲田浜
A95: w1 | B95: 94 | C95: 渡辺留四郎 | D95: 七ヶ浜町菖蒲田浜字宅地８１ | E95: =_xlfn.XLOOKUP(C95, idつけ作業用!E$2:E$177, idつけ作業用!H$2:H$177, "") -> 七ヶ浜町吉田浜字野山５番地の９野外活動センター応急仮設住宅 | F95: 菖蒲田浜 | G95: 七ヶ浜町菖蒲田浜字宅地八一 | H95: 菖蒲田浜
A96: w1 | B96: 95 | C96: 渡辺信雄 | D96: 七ヶ浜町菖蒲田浜字宅地68 | E96: =_xlfn.XLOOKUP(C96, idつけ作業用!E$2:E$177, idつけ作業用!H$2:H$177, "") -> 吉田浜字大豆沢３－１ | F96: 菖蒲田浜 | G96: 七ヶ浜町菖蒲田浜字宅地六八 | H96: 菖蒲田浜
A97: w1 | B97: 96 | C97: 渡辺寛 | D97: 七ヶ浜町菖蒲田浜字浜伊場12 | E97: =_xlfn.XLOOKUP(C97, idつけ作業用!E$2:E$177, idつけ作業用!H$2:H$177, "") | F97: 菖蒲田浜 | G97: 七ヶ浜町菖蒲田浜字浜伊場一二 | H97: 菖蒲田浜
A98: w1 | B98: 97 | C98: 渡辺弘 | D98: 七ヶ浜町菖蒲田浜字宅地18 | E98: =_xlfn.XLOOKUP(C98, idつけ作業用!E$2:E$177, idつけ作業用!H$2:H$177, "") -> 菖蒲田浜字宅地１８番地 | F98: 菖蒲田浜 | G98: 七ヶ浜町菖蒲田浜字宅地一八 | H98: 菖蒲田浜
A99: w1 | B99: 98 | C99: 渡邉與藏 | D99: 七ヶ浜町花渕浜字長須賀44-3 | E99: =_xlfn.XLOOKUP(C99, idつけ作業用!E$2:E$177, idつけ作業用!H$2:H$177, "") | G99: 七ヶ浜町花渕浜字長須賀四四-三 | H99: 菖蒲田浜
A100: w1 | B100: 99 | C100: 渡辺米雄 | D100: 七ヶ浜町菖蒲田浜字宅地6 | E100: =_xlfn.XLOOKUP(C100, idつけ作業用!E$2:E$177, idつけ作業用!H$2:H$177, "") -> 菖蒲田浜字宅地６番地
...

Sheet idつけ作業用
A1: id_w1 | B1: name | C1: address_w1 | E1: name_w2 | F1: id_w2 | G1: w2_no | H1: address_w2
A2: 1 | B2: 岩本松治 | C2: 七ヶ浜町湊浜2-9-1 | E2: 岩本松治 | F2: =_xlfn.XLOOKUP(E2, B$2:B$231, A$2:A$231, 0) -> 1 | G2: 26 | H2: 湊浜二丁目９番地の１
A3: 2 | B3: 鈴木清弘 | C3: 七ヶ浜町湊浜1-4-4 | E3: 鈴木清弘 | F3: =_xlfn.XLOOKUP(E3, B$2:B$231, A$2:A$231, 0) -> 2 | G3: 75 | H3: 湊浜一丁目４番地の４
A4: 3 | B4: 鈴木益幸 | C4: 七ヶ浜町湊浜1-5-3 | E4: 鈴木益幸 | F4: =_xlfn.XLOOKUP(E4, B$2:B$231, A$2:A$231, 0) -> 3 | G4: 100 | H4: 湊浜一丁目５番地の３
A5: 4 | B5: 星嘉悦 | C5: 七ヶ浜町湊浜1-3-10 | E5: 星嘉悦 | F5: =_xlfn.XLOOKUP(E5, B$2:B$231, A$2:A$231, 0) -> 4 | G5: 118 | H5: 湊浜一丁目３番地の１０
A6: 5 | B6: 星新藏 | C6: 七ヶ浜町湊浜字熊野10-1 | E6: 星新藏 | F6: =_xlfn.XLOOKUP(E6, B$2:B$231, A$2:A$231, 0) -> 5 | G6: 114 | H6: 湊浜字熊野１０番地の１
A7: 6 | B7: 渡辺ふじ江 | C7: 七ヶ浜町湊浜字砂山22 | E7: 渡辺ふじ江 | F7: =_xlfn.XLOOKUP(E7, B$2:B$231, A$2:A$231, 0) -> 6 | G7: 158 | H7: 湊浜字砂山２２番地
A8: 7 | B8: 和泉とも子 | C8: 七ヶ浜町松ヶ浜字神明前13 | E8: 和泉とも子 | F8: =_xlfn.XLOOKUP(E8, B$2:B$231, A$2:A$231, 0) -> 7 | G8: 19 | H8: 松ヶ浜字神明前１３番地
A9: 8 | B9: 梅津榮一 | C9: 七ヶ浜町松ヶ浜字浜屋敷33-1 | E9: 梅津榮一 | F9: =_xlfn.XLOOKUP(E9, B$2:B$231, A$2:A$231, 0) -> 8 | G9: 28 | H9: 松ヶ浜字浜屋敷３３番地の１
A10: 9 | B10: 加藤勝美 | C10: 七ヶ浜町松ヶ浜字浜屋敷45-1 | E10: 加藤勝美 | F10: =_xlfn.XLOOKUP(E10, B$2:B$231, A$2:A$231, 0) -> 9 | G10: 35 | H10: 松ヶ浜字浜屋敷４５番地の１
A11: 10 | B11: 加藤純一 | C11: 七ヶ浜町松ヶ浜字神明前6-1 | E11: 加藤純一 | F11: =_xlfn.XLOOKUP(E11, B$2:B$231, A$2:A$231, 0) -> 10 | G11: 36 | H11: 七ヶ浜町吉田浜字野山１番地の２七ヶ浜第１スポーツ広場応急仮設住宅
A12: 11 | B12: 加藤信勝 | C12: 七ヶ浜町松ヶ浜字長根6-1 | E12: 加藤信勝 | F12: =_xlfn.XLOOKUP(E12, B$2:B$231, A$2:A$231, 0) -> 11 | G12: 176 | H12: 松ヶ浜字長根６－１
A13: 12 | B13: 加藤壽治 | C13: 七ヶ浜町松ヶ浜字謡36-12 | E13: 加藤壽治 | F13: =_xlfn.XLOOKUP(E13, B$2:B$231, A$2:A$231, 0) -> 12 | G13: 37 | H13: 松ヶ浜字謡３６番地の１２
... A167: 166 | B167: 赤間秋夫 | C167: 七ヶ浜町代ヶ崎浜字向田43-2 | E167: 高橋栄吉 | F167: =_xlfn.XLOOKUP(E167, B$2:B$231, A$2:A$231, 0) -> 230 | G167: 106 | H167: 東宮浜字小畑２３番地
A168: 167 | B168: 赤間陽 | C168: 七ヶ浜町代ヶ崎浜字向田52 | E168: 阿部平三郎 | F168: 231 | G168: 16 | H168: 七ヶ浜町吉田浜字野山１番地の２七ヶ浜第１スポーツ広場応急仮設住宅
A169: 168 | B169: 赤間胞治 | C169: 七ヶ浜町代ヶ崎浜字立花53 | E169: 齋藤喜良 | F169: 232 | G169: 44 | H169: 代ヶ崎浜字清水６２番地の３２
A170: 169 | B170: 赤間榮藏 | C170: 七ヶ浜町代ヶ崎浜字向田47 | E170: 佐藤たかを | F170: 233 | G170: 56 | H170: 代ヶ崎浜字立花２６番地
A171: 170 | B171: 赤間三五郎 | C171: 七ヶ浜町代ヶ崎浜字向田44-7 | E171: 佐藤久夫 | F171: 234 | G171: 60 | H171: 東宮浜字要害３２番地
A172: 171 | B172: 赤間長和 | C172: 七ヶ浜町代ヶ崎浜字向田54 | E172: 宍戸智 | F172: 235 | G172: 67 | H172: 塩釜市大日向町１－３４
A173: 172 | B173: 赤間竹喜 | C173: 七ヶ浜町代ヶ崎浜字向田44-2 | E173: 鈴木かつ子 | F173: 236 | G173: 73 | H173: 吉田浜字浜屋敷５６番地の２
A174: 173 | B174: 赤間長正 | C174: 七ヶ浜町代ヶ崎浜字向田43-1 | E174: 鈴木健司 | F174: 237 | G174: 78 | H174: 仙台市宮城野区福室三丁目２８－３８高砂ミューハイツ４０２号
A175: 174 | B175: 赤間日出男 | C175: 七ヶ浜町吉田浜字神明20-14 | E175: 星正 | F175: 238 | G175: 122 | H175: 七ヶ浜町吉田浜字野山５番地の９野外活動センター応急仮設住宅
A176: 175 | B176: 伊藤カヅ子 | C176: 七ヶ浜町代ヶ崎浜字西21-34 | E176: 渡邉勇一郎 | F176: 239 | G176: 159 | H176: 東宮浜字鶴ヶ湊２７番地の２
A177: 176 | B177: 伊藤定榮 | C177: 七ヶ浜町代ヶ崎浜字向田51 | E177: 星健二 | F177: 240 | G177: 169 | H177: 松ヶ浜字浜屋敷４０
A178: 177 | B178: 伊藤新一 | C178: 七ヶ浜町代ヶ崎浜字向田55-2
A179: 178 | B179: 齋藤喜二郎 | C179: 七ヶ浜町代ヶ崎浜字清水62-
A180: 179 | B180: 齋藤庄英 | C180: 七ヶ浜町代ヶ崎浜字影田6-4
A181: 180 | B181: 齋藤吉勝 | C181: 七ヶ浜町代ヶ崎浜字向田48
A182: 181 | B182: 佐藤勲 | C182: 七ヶ浜町代ヶ崎浜字向田42-1
A183: 182 | B183: 佐藤一郎 | C183: 七ヶ浜町代ヶ崎浜字向田49-1
A184: 183 | B184: 佐藤榮二 | C184: 七ヶ浜町代ヶ崎浜字八ヶ森31
A185: 184 | B185: 佐藤喜一 | C185: 七ヶ浜町代ヶ崎浜字立花26
A186: 185 | B186: 佐藤欣一 | C186: 七ヶ浜町代ヶ崎浜字向田44-3
A187: 186 | B187: 佐藤今朝衞 | C187: 七ヶ浜町代ヶ崎浜字向田４４－５
A188: 187 | B188: 佐藤幸志 | C188: 七ヶ浜町代ヶ崎浜字立花36
A189: 188 | B189: 佐藤つるよ | C189: 七ヶ浜町代ヶ崎浜字清水62-15
... A231: 230 | B231: 高橋栄吉 | C231: 七ヶ浜町東宮浜字小畑23
